{
    "BNGC":[1,10],
    "BSGC":[1,10],
    "sigma_nl":[0,35],
    "sigma_s":[0,35],
    "a0":[-0.1,0.1],
    "a1":[-0.1,0.1],
    "a2":[-0.1,0.1],
    "a3":[-0.1,0.1],
    "a4":[-0.1,0.1],
    "alpha":[0.8,1.2],
    "A_lin":[-1, 1],
    "omega_lin":[100,900],
    "phi":[-0.15915494309189535,0.15915494309189535]
}